sequence,reward,good_sample_YN
H-Nchtm+-Nspe-Nlys-Nspe-Ntrp-NH2,2.5903098343334623,Y
H-Nchtm+-Nlys-Nphe-Nspe-Nai-Npm-Nai-Nphe-N1Nal-NNle-Nval-Nspe-Ntrp-NNle-Nspe-Ntrp-Nphe-NH2,0.0,N
H-Nchtm+-NspepF-Nhe-NH2,0.0,N
H-Nchtm+-NspepF-Ntrp-NspepF-NspepF-NspepF-NspepF-NspepF-Naetm+-NspepF-NspepF-NspepF-NspepF-NspepF-NspepF-NspepCHthree-NspepF-NH2,0.0,N
H-Nchtm+-Ndec-NspepF-Nspe-Nphe-Nlys-N1Nal-Nleu-N1Nal-NhTrp-Nlys-Npcb-Nspe-Nsdp-Nspe-Nma-NhLeu-NH2,2.492736464388317,Y
H-Nchtm+-Ntrp-NspepF-Ntrp-Ndec-NspepF-NspepF-NhTrp-NspepF-NspepF-NspepF-NspepF-Nsdp-Ntrp-NspepF-Ndec-Ntrp-NH2,0.0,N
H-Nchtm+-Nai-Nspe-Nmfb-NspepF-NspepCHthree-Nspe-Ntrp-Npe-Nrpe-Nah-NspepF-Nsna-NH2,0.0,N
H-Nchtm+-Nchtm+-Nchtm+-NH2,0.0,N
H-Nchtm+-Nlys-Nchtm+-NH2,0.76863866264094,N
H-Nchtm+-Nlys-Ntrp-Naetm+-NspepF-NspepF-Nspe-NspepF-N1Nal-NspepF-NspepF-NspepF-NspepF-NspepF-N4hb-NspepF-Npm-NH2,0.0,N
H-Nchtm+-NhTrp-NhTrp-Nlys-Nlys-Ntrp-NH2,0.8594174962280943,N
H-Nchtm+-NspepF-NspepF-NspepF-NspepF-Nspe-Npfb-NspepF-NspepF-NspepF-Npfb-Npfb-NspepF-NspepF-NspepF-NspepF-NspepF-NH2,0.0,N
H-Nchtm+-Nchtm+-Nval-NH2,0.76863866264094,N
H-Nchtm+-Npcb-Nsdp-Nspe-N4MePhe-NspepF-Nspe-Nae-N4MePhe-NspepF-NspepF-Nphe-N1Nal-Npent-Ntrp-NspepF-Nsdp-NH2,2.724105837002641,Y
H-Nchtm+-Nlys-Nspe-Nspe-Nlys-Nspe-Nlys-Nspe-NH2,0.0,N
H-Nchtm+-NspepF-NspepF-NspepF-Nlys-NNle-Ntrp-Nspe-NspepF-NH2,1.3952054047649078,N
H-Nchtm+-Nae-Nchtm+-NH2,1.750486617677357,N
H-Nchtm+-Nchtm+-NspepF-NH2,0.0,N
H-Nchtm+-NNle-NspepF-NspepF-Nspe-Nspe-NspepF-NNle-NhArg-NspepF-NH2,0.0,N
H-Nchtm+-NspepF-NspepF-NspepF-NspepF-NspepF-NspepF-Nphe-Ntridec-NspepF-Ndec-NspepF-NspepF-Npm-Nmfb-NspepF-NspepF-NH2,0.0,N
H-Nchtm+-Ntrp-N1Nal-Nspe-NspepF-Npm-N1Nal-Nlys-Nspe-Nlys-NspepF-Nspe-NH2,0.6366245752293773,N
H-Nchtm+-Nlys-Nlys-NspepF-Nsna-Nlys-Nspe-Nlys-Nlys-NH2,0.0,N
H-Nchtm+-Nlys-Nlys-Nspe-Nlys-NspepF-NspepF-Pro-NspepF-Nlys-NspepF-N1Nal-NH2,0.0413565695743503,N
H-Nchtm+-NHis-NspepF-N4hb-Nlys-Ndec-NH2,2.692537015064392,Y
H-Nchtm+-Nah-NspepF-Nrpe-Ntrp-Nlys-Nrpe-Nspe-NspepF-Nlys-Nlys-Nrpe-NspepF-Nmfb-Npfb-Nval-NspepF-NH2,0.0,N
H-Nchtm+-NspepF-Nprg-NH2,0.0,N
H-Nchtm+-Nspe-Nspe-Nlys-NspepF-NspepF-NspepF-NspepF-NspepF-Npmb-NspepF-Nprg-Ndec-NspepF-NspepF-Nspe-NspepF-NH2,0.0,N
H-Nchtm+-Nspe-Nleu-NspepF-Ntrp-NhTrp-Nspe-Nlys-N4MePhe-Nphe-Ndec-NH2,0.0,N
H-Nchtm+-Nspe-Nspe-NspepF-NspepF-NspepF-Nlys-Ntrp-Nspe-Nspe-NspepF-Npfb-Nspe-Nspe-NspepF-Nspe-NspepF-NH2,1.4819759994269324,N
H-Nchtm+-Nspe-Nspe-NH2,0.0,N
H-Nchtm+-NspepF-NspepF-NH2,0.23174899656288006,N
H-Nchtm+-Nspe-Nspe-NhTrp-Npfb-Nsdp-NspepF-NspepF-Nspe-NH2,0.0,N
H-Nchtm+-Nlys-Nlys-Nlys-Nspe-NH2,0.0,N
H-Nchtm+-Nlys-Nlys-Nlys-NH2,0.0,N
H-Nchtm+-Nlys-Nlys-Nlys-Nspe-Nlys-Nlys-Nlys-Nlys-Nlys-Nlys-Nlys-Nlys-Npm-Nlys-Nlys-NH2,0.0,N
H-Nchtm+-Nspe-Nlys-Nlys-Nah-Nlys-NH2,0.0,N
H-Nchtm+-Nspe-Nlys-Nlys-Nspe-N1Nal-Nlys-NspepF-Nlys-Nlys-Nlys-Nlys-Nlys-Nphb-Nlys-Nlys-Nlys-NH2,0.0,N
H-Nchtm+-Ntrp-NhLeu-Nai-Nlys-N1Nal-NspepF-Nai-Nsdp-Npe-Nspe-Npent-Npcb-Nphe-Npm-NspepF-NH2,0.7055550099965902,N
H-Nchtm+-Npm-Nae-Nlys-Ndpe-NhArg-NhTrp-Npm-NhTrp-Nlys-NH2,0.0,N
H-Nchtm+-Npm-N4hb-Nphb-NNle-Nai-Nspe-Nspe-Nsmb-Nlys-NspepF-Nlys-NhArg-Npe-Ntrp-NspepF-Nspe-NH2,0.0,N
H-Nchtm+-NNle-Nlys-N4hb-Nspe-Npm-Npm-NspepF-NNle-Nah-NNle-Npmb-Nlys-NspepF-Nsna-N1Nal-Ntridec-NH2,1.1179529708598765,N
H-Nchtm+-Nspe-Nmfb-Nlys-Npcb-NspepF-Nspe-Nspe-Nspe-N4MePhe-NspepF-Ntrp-N4hb-NspepF-NH2,2.525465858402895,Y
H-Nchtm+-Nchtm+-Nchtm+-NH2,0.0,N
H-Nchtm+-Nspe-Nlys-Nspe-Nlys-NH2,0.0,N
H-Nchtm+-NspepF-NspepF-NspepF-Nae-NspepF-NspepF-NspepF-NspepF-NspepF-NspepF-NspepF-NspepF-NspepF-NspepF-NspepF-NspepF-NH2,0.0,N
H-Nchtm+-Nspe-N1Nal-Npcb-Npm-NspepCl-NHis-Npe-Npcb-Nlys-Nlys-Nlys-Nhe-Npfb-NH2,0.0,N
H-Nchtm+-Npent-NspepCl-NspepF-NspepF-NH2,3.007224072184826,Y
H-Nchtm+-Nspe-Nspe-NspepF-NspepF-Nlys-Npent-Nlys-NH2,0.0,N
H-Nchtm+-NspepF-Nai-Ndec-Nrpe-Nlys-Nspe-Npcb-NspepF-Nspe-Nspe-NspepF-Nsdp-Nile-NspepBr-NspepBr-Nspe-NH2,0.0,N
H-Nchtm+-Nspe-Nspe-Nsdp-Nlys-Nlys-Nphe-Nphe-NH2,0.0,N
H-Nchtm+-Nspe-Nspe-Naetm+-NspepF-Nspe-NspepCl-NspepF-Nspe-Nspe-NspepF-Ndec-NspepF-Nspe-NspepF-NspepF-NNle-NH2,0.0,N
H-Nchtm+-Nspe-Nah-N1Nal-NhArg-NspepF-Ndec-NspepF-NH2,2.3259904176309636,Y
H-Nchtm+-Nlys-Nlys-Nlys-Nlys-Nlys-Nlys-Nlys-Nlys-NH2,0.4760739083022758,N
H-Nchtm+-Nlys-Nspe-NH2,0.0,N
H-Nchtm+-Nlys-Npm-Nlys-Nlys-Nlys-Nlys-Nlys-Nspe-Nlys-Nspe-Nspe-Nlys-NH2,0.1194721161759491,N
H-Nchtm+-Nlys-Nspe-Nlys-NH2,0.0,N
H-Nchtm+-Nlys-Nlys-Nlys-Nlys-Nspe-Nlys-NH2,0.0,N
H-Nchtm+-Nlys-Nlys-Nlys-Nlys-Nlys-Nlys-Nlys-Nspe-Nlys-Nlys-NH2,0.0,N
H-Nchtm+-Nlys-Nlys-Nlys-Nlys-Nleu-Nlys-Nlys-Nlys-Nlys-Nlys-Nlys-Nlys-Nlys-Nlys-Nlys-Nlys-NH2,0.0,N
H-Nchtm+-Nlys-Nlys-Nspe-NH2,0.0,N
H-Nchtm+-Nlys-Nlys-Nspe-Nlys-Nlys-Nlys-Nlys-Nspe-Nlys-Nlys-Nlys-Nlys-Nlys-Nlys-Nlys-Nlys-NH2,0.0,N
H-Nchtm+-Nlys-Nlys-Nlys-Nlys-Nspe-Nlys-Nlys-Nlys-Nlys-Nlys-Nlys-Nlys-N4hb-Nlys-Nlys-Nlys-NH2,0.0,N
H-Nchtm+-Nlys-Nspe-Nlys-Nlys-Nlys-Nlys-Nlys-Nlys-Nlys-Nlys-NH2,0.0,N
H-Nchtm+-Nlys-Nlys-Nlys-Nlys-Nlys-NH2,0.0,N
H-Nchtm+-Nlys-Nlys-Nlys-Nlys-Nlys-Nlys-Nlys-Nlys-Nlys-Nlys-Nspe-Nlys-Nlys-Nlys-Nlys-Nlys-NH2,0.0,N
H-Nchtm+-NspepF-Nspe-Nspe-Nlys-Nlys-Nlys-Nlys-NH2,0.0,N
H-Nchtm+-Nlys-Nlys-Nlys-Nspe-Nspe-Nlys-Npm-Nlys-Nlys-NH2,0.0,N
H-Nchtm+-Nlys-NNle-Nphe-Nlys-Nlys-Nsmb-NhTrp-Nspe-Nspe-NspepF-Nlys-NspepF-Nlys-N1Nal-Nspe-Nspe-NH2,0.0,N
H-Nchtm+-NNle-NspepF-Nspe-NH2,0.0,N
H-Nchtm+-Nchtm+-Nchtm+-NH2,0.0,N
H-Nchtm+-Nchtm+-Nchtm+-NH2,0.0,N
H-Nchtm+-Nssb-Nchtm+-NH2,0.0,N
H-Nchtm+-Nchtm+-Nchtm+-NH2,0.0,N
H-Nchtm+-Nlys-Npmb-Ntrp-NspepF-Nlys-NhTrp-Nmfb-Npm-Nspe-NH2,0.0,N
H-Nchtm+-Nchtm+-Nchtm+-NH2,0.0,N
H-Nchtm+-Nchtm+-Nchtm+-NH2,1.750486617677357,N
H-Nchtm+-Nah-Nchtm+-NH2,1.750486617677357,N
H-Nchtm+-Nchtm+-Nchtm+-NH2,0.0,N
H-Nchtm+-Nchtm+-NspepF-NH2,0.0,N
H-Nchtm+-Nchtm+-Npm-NH2,0.0,N
H-Nchtm+-Nchtm+-Nchtm+-NH2,0.0,N
H-Nchtm+-NspepF-NspepBr-NH2,1.750486617677357,N
H-Nchtm+-Nchtm+-Nchtm+-NH2,0.0,N
H-Nchtm+-Nrpe-Nchtm+-NH2,3.2039684189246653,Y
H-Nchtm+-Nchtm+-Nprg-NH2,0.0,N
H-Nchtm+-Nchtm+-Nchtm+-NH2,0.0,N
H-Nchtm+-Nspe-Ntrp-NH2,0.0,N
H-Nchtm+-Nchtm+-Nchtm+-NH2,3.2039684189246653,Y
H-Nchtm+-Nchtm+-Nchtm+-NH2,0.0,N
H-Nchtm+-Nleu-Nchtm+-NH2,0.0,N
H-Nchtm+-Nchtm+-Nchtm+-NH2,0.0,N
H-Nchtm+-Ntridec-Nchtm+-NH2,0.0,N
H-Nchtm+-Nchtm+-Nchtm+-NH2,0.0,N
H-Nchtm+-Nval-NspepF-NH2,0.0,N
H-Nchtm+-Nchtm+-NhTrp-NH2,0.0,N
H-Nchtm+-Nchtm+-Nchtm+-NH2,0.0,N
H-Nchtm+-Nchtm+-Ntrp-NH2,0.0,N
H-Nchtm+-Nchtm+-Nchtm+-NH2,0.0,N
H-Nchtm+-Nchtm+-Nchtm+-NH2,0.0,N
H-Nchtm+-Nchtm+-Nchtm+-NH2,0.0,N
H-Nchtm+-Nchtm+-Nchtm+-NH2,0.0,N
H-Nchtm+-Nchtm+-Nchtm+-NH2,0.0,N
H-Nchtm+-Nchtm+-Nchtm+-NH2,0.0,N
H-Nchtm+-Nchtm+-Nchtm+-NH2,0.0,N
H-Nchtm+-Nchtm+-Nchtm+-NH2,1.6989819728599673,N
H-Nchtm+-Nspe-Nlys-Nlys-NH2,0.0,N
H-Nchtm+-Nlys-Nspe-Nlys-NH2,0.0,N
H-Nchtm+-Nchtm+-Nchtm+-NH2,0.0,N
H-Nchtm+-Nspe-Nlys-Npm-Nlys-Nlys-Nssb-Nlys-Nspe-Nlys-Nlys-Nlys-Nlys-Nlys-Npm-Nlys-Nlys-NH2,0.0,N
H-Nchtm+-Nlys-Nlys-NH2,0.0,N
H-Nchtm+-Nssb-Nchtm+-NH2,1.6989819728599673,N
H-Nchtm+-Nlys-Nlys-Nlys-Nlys-Nlys-Nlys-Nlys-Nlys-Nlys-Nlys-Nlys-Nlys-Nspe-Nlys-Nlys-Nlys-NH2,0.0,N
H-Nchtm+-Nlys-Nlys-Nlys-Nlys-NH2,0.0,N
H-Nchtm+-Nhe-Nchtm+-NH2,0.0,N
H-Nchtm+-Nlys-Nlys-Nspe-NH2,0.0,N
H-Nchtm+-Nlys-Nlys-Nlys-Nlys-NH2,0.0,N
H-Nchtm+-Nchtm+-Nphe-NH2,0.0,N
H-Nchtm+-Ntrp-Nlys-Nlys-Ntrp-NspepF-Nleu-Nspe-Nlys-NH2,0.0,N
H-Nchtm+-Nlys-Nlys-Nlys-NH2,0.0,N
H-Nchtm+-Nchtm+-Nchtm+-NH2,0.0,N
H-Nchtm+-Nlys-Nspe-Nspe-Nlys-Nlys-Nlys-Nlys-Nlys-NH2,0.0,N
H-Nchtm+-Nchtm+-NhTrp-NH2,1.750486617677357,N
H-Nchtm+-Nlys-Nspe-Nlys-N4MePhe-NH2,0.0,N
H-Nchtm+-Npm-NspepF-Npent-N4MePhe-NspepF-NspepF-NH2,0.0,N
H-Nchtm+-Nchtm+-Nchtm+-NH2,0.0,N
H-Nchtm+-Nspe-Npmb-Ntridec-Nlys-NspepF-NspepF-Nspe-Nlys-Npmb-Nspe-NH2,0.0,N
H-Nchtm+-Nphe-Ndpe-Nlys-NH2,0.0,N
H-Nchtm+-NspepF-Ntridec-NspepF-Nspe-Nspe-NspepF-NH2,0.0,N
H-Nchtm+-Nlys-Nphe-NH2,0.0,N
H-Nchtm+-NspepF-Nphb-N4MePhe-Nlys-NspepF-Npm-Nspe-NhTrp-Npfb-Nai-Npcb-Ntridec-N1Nal-NspepF-NspepF-Nae-NH2,0.0,N
H-Nchtm+-NHis-NNle-Npm-NH2,0.0,N
H-Nchtm+-Nlys-Nlys-Nlys-Nspe-Nlys-Nlys-NspepF-Nlys-Nlys-Nspe-Nlys-Nlys-Nlys-Nspe-Nlys-Nlys-NH2,0.0,N
H-Nchtm+-NspepF-Nspe-Nlys-Nspe-NspepF-Naetm+-NspepF-Nlys-NhTrp-NH2,0.0,N
H-Nchtm+-Nlys-Nspe-NH2,0.0,N
H-Nchtm+-NspepF-NspepF-NH2,1.0481502965710845,N
H-Nchtm+-Nlys-Nspe-Nlys-Nlys-Nlys-Nlys-Nlys-NH2,0.0,N
H-Nchtm+-NspepF-Nprg-Nspe-NspepF-NH2,1.991816543014109,Y
H-Nchtm+-NNle-Nlys-Nlys-Nlys-Nlys-NH2,0.0,N
H-Nchtm+-Nspe-NhTrp-NspepF-Ntrp-Nspe-Nspe-Nspe-Nspe-Naetm+-NhTrp-Nspe-Ntrp-NH2,0.0,N
H-Nchtm+-NspepF-NspepF-NspepF-NH2,2.733705046164877,Y
H-Nchtm+-NspepF-NspepF-Nlys-NspepF-NspepF-Ntrp-NspepF-NspepF-Nspe-N1Nal-Nlys-N1Nal-Nlys-Nphb-NspepF-NhTrp-NH2,0.19070020597120374,N
H-Nchtm+-NspepF-Nlys-NspepF-Nphe-NhTrp-NspepF-Naetm+-NspepF-Nspe-NhTrp-NspepF-Naetm+-NspepF-Nlys-NspepF-Ntrp-NH2,2.0439876949156326,Y
H-Nchtm+-NspepF-Nlys-NspepF-NH2,0.2113298083831765,N
H-Nchtm+-Nlys-Nlys-Nlys-Nspe-Nlys-Nspe-Nspe-Nlys-Nlys-Nlys-Nlys-Nlys-NH2,0.0,N
H-Nchtm+-Nspe-NspepF-Nae-Nspe-Nspe-Ntrp-Nspe-NspepF-NspepF-NspepF-NspepF-NspepF-NspepF-Nlys-Nspe-NspepF-NH2,0.0,N
H-Nchtm+-Nlys-N1Nal-NspepF-Nspe-Nlys-NspepF-NspepF-NspepF-NspepF-NhArg-Nspe-NspepF-NspepF-NspepF-Nphe-NH2,0.0,N
H-Nchtm+-Ntrp-NspepF-NspepF-Nlys-NspepF-NH2,0.0,N
H-Nchtm+-Ntridec-NspepF-NspepF-NhArg-Nlys-N4MePhe-NspepF-NspepF-Ntridec-NhArg-NNle-NH2,0.0,N
H-Nchtm+-Nspe-NspepF-Nmfb-Nspe-Nspe-Nmfb-NH2,3.6085883832560848,Y
H-Nchtm+-NspepF-Npcb-NspepF-Nlys-Nspe-Ntrp-Ntrp-NspepCl-Ndec-NspepF-Nspe-NspepF-Nmfb-NspepF-Npent-Nlys-NH2,0.0,N
H-Nchtm+-Npfb-NhTrp-NspepF-Npm-Nspe-Nlys-Ntrp-Nlys-NH2,0.0,N
H-Nchtm+-Nphb-NspepF-NspepF-Nmfb-Npm-Npm-Nsdp-Nspe-NHis-NspepF-NH2,0.0,N
H-Nchtm+-Nspe-Nspe-Nspe-N1Nal-NH2,1.2272692806845567,N
H-Nchtm+-Nspe-Nval-Nphe-NNle-Nphb-NspepF-NspepF-NH2,0.0,N
H-Nchtm+-Nrpe-Npfb-Npm-Nspe-Nlys-NhArg-Nspe-NspepF-Nlys-Nphe-N4MePhe-Npfb-NspepF-Npm-Nlys-NspepF-NH2,0.0,N
H-Nchtm+-Nspe-NspepF-Nhe-Nspe-Nile-Nah-Nphe-NspepF-Nphe-NspepF-NH2,0.0,N
H-Nchtm+-NspepF-Nspe-Ntridec-NspepF-Npm-NspepF-NspepF-Nspe-NH2,0.3229728832957004,N
H-Nchtm+-Nspe-NspepF-Nai-Npm-Nspe-Nspe-NspepCl-NspepF-Nmfb-Nval-NspepF-Nile-Nspe-NspepF-N1Nal-NspepF-NH2,0.0,N
H-Nchtm+-Npcb-Ntrp-NspepCHthree-NspepF-NspepCHthree-Ntrp-NhArg-NhArg-Npfb-Nsdp-NspepF-Nphe-NspepF-NspepF-NspepF-NspepF-NH2,0.0,N
H-Nchtm+-NspepF-Npe-NspepF-Nspe-NspepF-NspepF-Ndpe-Nrpe-NH2,0.4150712417263358,N
H-Nchtm+-NhArg-Ntridec-NH2,1.4662832849643228,N
H-Nchtm+-Npm-NspepF-NspepF-Nlys-NspepF-Nlys-Nspe-Nspe-NH2,0.8707325793286795,N
H-Nchtm+-NspepF-Nspe-Nspe-NspepF-Nlys-Nspe-Nphe-NspepF-Nspe-NspepF-NspepF-NspepF-Nspe-Nspe-NspepF-Nlys-NH2,0.0,N
H-Nchtm+-NspepF-N1Nal-Nspe-Ndec-Nlys-Ntrp-NspepBr-NspepF-NhLeu-NH2,0.0,N
H-Nchtm+-NspepF-Nphe-Nmfb-NH2,0.0,N
H-Nchtm+-Nspe-Ntridec-Nphe-Nile-NspepF-Nspe-Nrpe-Nspe-Nspe-Npm-Nlys-NspepF-NspepF-Npm-NhArg-NspepF-NH2,0.0,N
H-Nchtm+-N1Nal-NspepF-Nspe-NhTrp-NspepF-Nsmb-Nai-Npm-Nspe-NspepF-NspepF-Nspe-Nspe-Nspe-Nspe-Nspe-NH2,0.0,N
H-Nchtm+-Npe-Nmfb-Nai-Npm-NspepF-Nlys-NspepF-NspepF-Nspe-NH2,0.0,N
H-Nchtm+-Nspe-NspepF-NspepF-NspepF-Nspe-NH2,0.0,N
H-Nchtm+-Nspe-Npmb-NspepF-NspepF-NspepF-Nssb-Nmfb-Nmfb-N4MePhe-NspepF-Ntrp-NH2,0.0,N
H-Nchtm+-NspepF-NspepF-Nspe-Nspe-Ntrp-Nsdp-NNle-Nae-Nmfb-NspepCHthree-Nmfb-Nspe-Npm-NH2,0.0,N
H-Nchtm+-Nhe-NspepF-Nspe-NspepF-NspepF-Nspe-NspepF-NspepF-NH2,0.0,N
H-Nchtm+-NspepF-NspepF-NspepF-NspepF-NspepF-NspepF-NspepF-NspepF-NspepF-NspepF-Nai-Nspe-NspepF-NspepF-NspepF-NspepF-NH2,0.0,N
H-Nchtm+-NspepF-NspepF-Ntridec-NspepF-NspepF-NspepF-Nspe-NH2,0.0,N
H-Nchtm+-NspepF-Npmb-NspepF-Nval-Nspe-Nlys-NspepF-NH2,0.0,N
H-Nchtm+-Nlys-NspepF-N4hb-Nspe-Nsdp-NspepF-NspepF-Nlys-NspepF-NspepF-Nlys-Npm-Nssb-Nsna-NspepF-Nspe-NH2,0.0,N
H-Nchtm+-Nspe-Nspe-Nspe-NspepBr-NspepF-Nlys-NH2,0.0,N
H-Nchtm+-Nspe-Nspe-Nlys-NH2,0.0,N
H-Nchtm+-Nspe-Nmfb-Nlys-Nspe-NNle-Nspe-Nsdp-Nspe-Npm-Nma-Nah-NNle-NspepF-Npcb-NspepF-Nspe-NH2,0.0,N
H-Nchtm+-Nlys-Nspe-Nsdp-N4hb-Nah-NhTrp-Nspe-NNle-Ntrp-Nlys-Nspe-Nlys-Nspe-NH2,0.0,N
H-Nchtm+-Nspe-N1Nal-Nlys-Npent-NH2,0.3782528394193083,N
H-Nchtm+-Nleu-Nlys-Nlys-Nspe-Nlys-Nlys-Nspe-Npmb-Nah-Nlys-Nlys-Nspe-NH2,0.0,N
H-Nchtm+-Nlys-Nah-Npm-Nspe-Nlys-NHis-NhTrp-NspepF-NNle-N1Nal-Npe-NhLeu-Nspe-Ntrp-Nrpe-Nspe-NH2,0.0,N
H-Nchtm+-Nlys-NhTrp-Nspe-Nlys-Nspe-NspepF-Nspe-Nlys-Nlys-Nsna-Nae-NspepF-Ntrp-Npm-Nspe-N4hb-NH2,0.0,N
H-Nchtm+-Ntrp-Ntrp-Nspe-Nlys-Nspe-Nlys-NspepF-NH2,0.0,N
H-Nchtm+-Nlys-Nlys-Nphe-Nlys-Ntrp-Nspe-NH2,0.0,N
H-Nchtm+-Nlys-Nlys-Nspe-Nlys-Nlys-Nlys-Nspe-Nspe-Npm-Npm-NH2,0.0,N
H-Nchtm+-NspepF-Npm-Nspe-Nspe-Nlys-Npm-N1Nal-NH2,0.0,N
H-Nchtm+-Nphe-Nlys-Ntrp-NspepF-NhArg-NH2,0.0,N
H-Nchtm+-N4hb-Nspe-Ntrp-Nphe-NspepF-Nspe-Npm-Nlys-Namy-NspepF-Nah-NH2,0.0,N
H-Nchtm+-Nae-Nmfb-Nae-Ntrp-Nlys-Nspe-NspepF-Nspe-Nlys-NhArg-NspepF-NspepF-Npm-NH2,0.0,N
H-Nchtm+-NspepF-NhTrp-Nspe-Nspe-Nlys-Nspe-Nlys-Nspe-Ntrp-NH2,0.0,N
H-Nchtm+-Nspe-Npm-NH2,0.0,N
H-Nchtm+-Nma-Ntrp-Nlys-NspepF-NH2,0.0,N
H-Nchtm+-NspepF-Nspe-Nphe-NH2,0.5512437778318602,N
H-Nchtm+-NNle-Nspe-Nspe-Nai-NH2,0.0,N
H-Nchtm+-Nmfb-NspepF-Ntrp-NspepF-NhArg-Nspe-Nspe-Ndpe-NspepF-NspepF-NspepF-NspepF-NspepF-Namy-NspepF-NspepF-NH2,1.587044826769207,N
H-Nchtm+-Nspe-NspepF-NspepF-NspepF-Nai-Nspe-Nspe-Npcb-NspepF-NspepF-NspepF-Ntrp-Npm-NspepF-NspepF-NNle-NH2,0.0,N
H-Nchtm+-Nspe-NspepF-NspepF-NspepF-NspepF-Nspe-NH2,2.522474698785393,Y
H-Nchtm+-Nah-Npcb-Ntrp-NspepF-Nae-Nah-NspepF-Nphe-NhArg-NspepF-Nspe-Ntrp-Npm-Nai-Nspe-Nlys-NH2,0.29173130310279305,N
H-Nchtm+-Npfb-Nrpe-Ntridec-NspepF-Nmfb-NspepF-NspepF-NspepF-NspepCHthree-NspepF-NspepF-NspepF-NspepF-N4MePhe-NspepF-Ntridec-NH2,0.4705330366515832,N
H-Nchtm+-NspepF-Nssb-Nspe-Npm-Nspe-Nlys-Ntrp-NspepF-NspepF-Nphe-NspepF-Npm-NspepF-Npm-NspepF-Nspe-NH2,0.0,N
H-Nchtm+-NspepF-Nspe-Nai-NhLeu-Nrpe-NhArg-NspepF-Npfb-Npfb-Nspe-Nae-Nrpe-Ntridec-NspepCHthree-Nmfb-NspepF-NH2,0.6525647781541382,N
H-Nchtm+-Nspe-Npfb-NspepF-Npmb-NspepF-NH2,2.8171302440704427,Y
H-Nchtm+-Npm-NhArg-Nspe-Nspe-Ntridec-NhArg-Nmfb-Nspe-Nai-Nai-Nspe-NspepCl-NspepF-NspepCHthree-Nai-NspepF-NH2,0.6094095653597684,N
H-Nchtm+-NhArg-NspepF-NspepF-N1Nal-Ntridec-Nsmb-Npm-NhArg-Nspe-NspepF-Npfb-NspepF-NspepF-Nspe-NspepF-NhArg-NH2,3.999763088152386,Y
H-Nchtm+-Nmfb-NspepCHthree-NspepF-Nrpe-Nrpe-Nai-Nai-Npmb-NspepF-Npm-Nai-Ndpe-Nphe-Ndec-NspepCHthree-Nspe-NH2,0.0,N
H-Nchtm+-NspepF-Nah-NspepF-Npfb-Nspe-NspepF-Nai-NH2,0.5700625513933821,N
H-Nchtm+-NspepF-NspepF-Npfb-Nai-NNle-NspepF-Npm-NspepCHthree-Nspe-NhArg-NspepCHthree-Npfb-Naetm+-Npfb-Ntridec-NspepF-NH2,0.0,N
H-Nchtm+-NspepF-Nai-Ndec-Npfb-NspepCl-Npfb-Nmfb-Nspe-NspepF-Nspe-NhLeu-NspepF-NspepCl-Nrpe-NspepF-NspepF-NH2,0.0,N
H-Nchtm+-NNle-Nsna-Npcb-NspepF-Nphe-NspepF-NspepF-Npm-Nphe-Nile-Npfb-Nrpe-N1Nal-NspepF-N4MePhe-NspepF-NH2,1.6679154845395814,N
H-Nchtm+-Nspe-NspepF-NspepF-Nspe-NspepF-NspepF-NspepF-NhArg-Nspe-NspepF-NspepF-NspepF-Nspe-Npfb-Nai-NspepF-NH2,1.3006203255769095,N
H-Nchtm+-Nspe-Nai-Ndec-N4MePhe-NspepCHthree-NspepF-NspepF-NspepF-Nphe-NspepF-NspepF-Nspe-Nphe-NspepCHthree-Nmfb-Ntridec-NH2,0.0,N
H-Nchtm+-NspepF-NspepF-Nspe-NspepF-Nspe-Nspe-NhArg-NspepF-NspepF-NH2,0.7892785480885691,N
H-Nchtm+-NspepF-NspepF-NhArg-NspepF-Nssb-Nphe-Npfb-NspepF-NspepF-NhTrp-Nmfb-NspepF-Nspe-NH2,0.0,N
H-Nchtm+-NspepF-NspepF-Npfb-NspepF-Ntrp-NNle-Nspe-Npm-Npent-NspepCl-Ntrp-NspepCHthree-NspepF-NspepCHthree-Nai-NH2,2.2857969462863474,Y
H-Nchtm+-NhTrp-Nmfb-Nspe-Nspe-Ntridec-Ntrp-N4hb-NspepF-NspepF-Nspe-Nspe-Nlys-NhArg-Npfb-Npm-NspepF-NH2,0.0,N
H-Nchtm+-NspepF-Nchtm+-NH2,0.0,N
H-Nchtm+-Npmb-Npcb-NH2,2.760786192862765,Y
H-Nchtm+-Nchtm+-Nchtm+-NH2,0.0,N
H-Nchtm+-Nchtm+-Nchtm+-NH2,0.0,N
H-Nchtm+-Nchtm+-Nchtm+-NH2,0.8903203657020027,N
H-Nchtm+-Nchtm+-Nchtm+-NH2,0.0,N
H-Nchtm+-Nchtm+-NspepF-NH2,0.0,N
H-Nchtm+-N4MePhe-NspepF-NhArg-NH2,1.7714315667968825,N
H-Nchtm+-Nmfb-NNle-Nhe-Nlys-Nphe-NspepF-NspepF-NspepF-Nspe-Nphe-NspepF-NspepF-NspepF-Nlys-NspepF-NspepF-NH2,0.0,N
H-Nchtm+-Nspe-Nah-Ntrp-NspepF-Ndec-NspepF-NspepF-NspepF-NspepF-Nspe-NspepF-NspepF-NspepF-Nspe-NspepF-Nah-NH2,0.0,N
H-Nchtm+-NhLeu-Nphe-Nlys-Nspe-NNle-Nspe-Nlys-NH2,0.0,N
H-Nchtm+-Nlys-Nspe-Ntrp-Nlys-NH2,0.0,N
H-Nchtm+-Nchtm+-Nlys-NH2,1.750486617677357,N
H-Nchtm+-Nchtm+-Nchtm+-NH2,0.0,N
H-Nchtm+-Nchtm+-Nchtm+-NH2,0.0,N
H-Nchtm+-Nchtm+-Nchtm+-NH2,0.0,N
H-Nchtm+-Nspe-NspepF-NspepF-Ntrp-Npfb-Nspe-NspepF-NspepF-Nspe-Nile-Npm-Nah-NspepF-NspepF-Npm-Nspe-NH2,0.0,N
H-Nchtm+-Nlys-Npfb-Nah-Npfb-NH2,0.0,N
H-Nchtm+-Ntrp-Ntrp-Nah-NspepF-Nspe-Nlys-Ndec-NH2,0.0,N
H-Nchtm+-NspepF-Ntrp-Nspe-NspepF-NspepF-NspepF-NhArg-NspepF-NspepF-Nlys-Nae-N4MePhe-Nsmb-Nglu-Nspe-NspepF-NH2,0.0,N
H-Nchtm+-Nspe-Npm-NspepF-NNle-NH2,3.1692354426312606,Y
H-Nchtm+-Nphe-NspepF-Nrpe-NspepF-NspepF-Ndec-NH2,0.0,N
H-Nchtm+-Nmfb-Ntridec-NspepF-NhArg-Nspe-Nspe-Nspe-NspepF-N4MePhe-Nspe-Npfb-NspepF-NspepF-NspepF-Nspe-Npfb-NH2,0.0,N
H-Nchtm+-NspepF-Nphe-Npm-Ntridec-NH2,0.0,N
H-Nchtm+-NspepF-Npfb-Npm-NspepF-NspepF-Npm-NspepF-Nae-Nsna-NhTrp-Nspe-Nlys-NspepF-NspepF-NspepF-Nspe-NH2,0.0,N
H-Nchtm+-Nspe-NspepF-Npfb-NhArg-Nai-Nspe-NH2,0.0,N
H-Nchtm+-Nspe-NspepF-Ntrp-Nphe-Nlys-NspepF-Nspe-Nsdp-N4hb-NspepF-NspepF-NspepF-Nspe-Nlys-Nspe-Nspe-NH2,0.0,N
H-Nchtm+-NNle-N1Nal-Nlys-Npent-NspepF-NspepF-Nah-Ntrp-Ntridec-NspepF-NH2,0.0,N
H-Nchtm+-NspepF-N4MePhe-NspepCHthree-Nlys-Nspe-Nphb-NspepF-Ntridec-Nah-NspepF-Ndec-Ntridec-NspepF-Npfb-Nphe-Ntridec-NH2,0.0,N
H-Nchtm+-Nah-Ntridec-NNle-Nspe-NspepF-Ndpe-Nlys-Nspe-NH2,0.0,N
H-Nchtm+-NspepF-NspepF-NspepF-NspepCHthree-Nai-NspepF-NspepF-Npm-NspepF-NhArg-Npfb-NspepF-Npfb-NspepF-Naetm+-Nspe-NH2,0.0,N
H-Nchtm+-NhTrp-NspepF-Npfb-Nrpe-NH2,0.24065983813293146,N
H-Nchtm+-Nai-NspepF-Npfb-Ntridec-Ntridec-Npfb-NspepCHthree-NspepCHthree-Nai-NspepCHthree-NhArg-Ntridec-Nssb-Ntridec-NhArg-Nspe-NH2,3.1048999090628833,Y
H-Nchtm+-Nai-Nlys-Ntridec-NspepF-Nssb-Nspe-Nspe-NspepF-Npm-Npm-Nlys-Nspe-NH2,0.0,N
H-Nchtm+-Nphe-Nval-Npm-Nspe-NspepF-NspepF-Nlys-NspepF-Nrpe-Nspe-N1Nal-NH2,0.0,N
H-Nchtm+-Nspe-Npent-Nlys-N1Nal-Nspe-Nlys-Nspe-Nspe-NspepF-NNle-N4MePhe-Nlys-Nphe-NspepF-NspepF-Nrpe-NH2,0.02516444275104135,N
H-Nchtm+-NspepF-Nlys-Nspe-Nspe-Nspe-Npmb-NspepF-NspepF-Pro-Npm-Nspe-Npm-NspepF-Nspe-Ntrp-Nphb-NH2,0.0,N
H-Nchtm+-Nspe-NspepF-NspepF-Nspe-NhArg-Nspe-N1Nal-NspepF-Npm-Nspe-NspepF-NhArg-NspepF-NspepF-Npmb-Nspe-NH2,0.0,N
H-Nchtm+-NspepF-Nspe-Npfb-Nrpe-Nspe-NhArg-Nspe-NspepF-NH2,0.7653726516154054,N
H-Nchtm+-NspepF-Ntrp-NspepF-Nspe-Nlys-Ntrp-Npfb-Npcb-Nphe-N4MePhe-Nspe-Nspe-Nlys-Nspe-Ndec-Nspe-NH2,0.0,N
H-Nchtm+-Npfb-N1Nal-NspepF-Ntridec-Nspe-Nspe-Npm-Nsdp-Nah-Nphe-Nah-Nspe-NspepF-NH2,1.1838651513494103,N
H-Nchtm+-Nsdp-Npfb-NH2,0.0,N
H-Nchtm+-NspepF-Ntridec-NspepF-NspepBr-Npfb-Npfb-NspepF-NhLeu-Npm-NspepF-Nspe-NspepF-Nae-NspepF-NhTrp-NspepF-NH2,0.0,N
H-Nchtm+-Npm-Nlys-Nspe-NspepF-NhArg-NspepF-NH2,0.0,N
H-Nchtm+-Ndec-NspepCHthree-Npm-NspepF-NspepF-NspepF-Nglu-NspepF-NspepF-NspepF-Ntridec-Npfb-NspepF-NspepF-NspepF-NspepF-NH2,3.27553298066652,Y
H-Nchtm+-Ndec-Nah-Nspe-NspepF-NspepF-Npcb-NH2,0.0,N
H-Nchtm+-N1Nal-NhTrp-Nlys-NspepF-Nspe-Nrpe-Npm-Nphe-NspepF-Nspe-NspepF-N4MePhe-NspepF-NspepF-NspepF-Npm-NH2,0.0,N
H-Nchtm+-Ndpe-Nspe-Nlys-Nlys-NspepF-NspepF-NspepF-NNle-NspepF-Ntrp-Nlys-NH2,0.0,N
H-Nchtm+-Nae-NspepCHthree-Nrpe-NspepF-N4MePhe-Nssb-NspepF-Nspe-Nspe-NspepF-N4hb-Npm-Nspe-NhArg-Pro-NspepF-NH2,0.0,N
H-Nchtm+-Nspe-Nspe-Nlys-Nlys-Nlys-Nlys-Ntridec-Nlys-Nspe-Nspe-Nlys-Nspe-Nlys-Nlys-Nlys-Nphe-NH2,0.0,N
H-Nchtm+-Nspe-Nmfb-NspepF-NspepF-Npm-Nlys-Ndec-Nlys-NspepF-Nspe-NspepF-NH2,0.0,N
H-Nchtm+-Nspe-Nspe-Nile-NspepCHthree-Nlys-Nspe-NspepF-Nrpe-NspepF-Nah-NspepF-Npm-Nspe-Nlys-Ntrp-Nhe-NH2,0.0,N
H-Nchtm+-NspepF-Npm-Nspe-Nphb-Nspe-Nspe-Nspe-NNle-NH2,0.0,N
H-Nchtm+-NspepF-NspepF-NspepF-Ntrp-NspepF-Ndec-Npm-NspepF-NH2,0.0,N
H-Nchtm+-NspepF-NspepF-NspepF-Npm-NspepF-NhTrp-NspepF-Nspe-NspepF-NspepF-Nspe-NspepF-Nspe-NspepF-NspepF-NspepF-NH2,0.0,N
H-Nchtm+-Nlys-Nspe-NspepF-NspepF-NspepBr-NhArg-Nlys-Nspe-NspepF-Nspe-NspepCl-NspepF-Npfb-NspepF-NH2,1.0524632260307916,N
H-Nchtm+-NspepF-NspepF-NhArg-NspepF-NspepF-Ntrp-Npm-Nai-NspepF-Pro-NH2,0.0,N
H-Nchtm+-NspepF-NspepF-Nrpe-NH2,1.2225549824104784,N
H-Nchtm+-NspepF-Nphe-Nspe-Nphe-Nspe-NspepF-Nspe-Npmb-NH2,0.0,N
H-Nchtm+-Nchtm+-Nchtm+-NH2,0.0,N
H-Nchtm+-Nchtm+-Nprg-NH2,0.0,N
H-Nchtm+-Nprg-NhTrp-NH2,1.6383020355998548,N
H-Nchtm+-Nprg-Nchtm+-NH2,1.810911041781323,N
H-Nchtm+-Nchtm+-Nchtm+-NH2,0.0,N
H-Nchtm+-Nchtm+-Nrpe-NH2,3.2039684189246653,Y
H-Nchtm+-Npfb-Nchtm+-NH2,0.0,N
H-Nchtm+-NspepF-Nspe-Nspe-N1Nal-N4hb-Nspe-NspepF-Nspe-Nlys-NH2,0.0,N
H-Nchtm+-NspepF-Nhe-NH2,0.0,N
H-Nchtm+-NspepF-NspepF-NH2,0.0,N
H-Nchtm+-Nlys-Nlys-NH2,0.0,N
H-Nchtm+-Nlys-Nchtm+-NH2,0.0,N
H-Nchtm+-Npfb-Nlys-NH2,0.0,N
H-Nchtm+-Ntridec-Nchtm+-NH2,1.6989819728599673,N
H-Nchtm+-Nchtm+-Nchtm+-NH2,0.0,N
H-Nchtm+-Nchtm+-Nchtm+-NH2,0.0,N
H-Nchtm+-Nchtm+-Nchtm+-NH2,0.0,N
H-Nchtm+-Nchtm+-Nchtm+-NH2,0.0,N
H-Nchtm+-Nchtm+-Nchtm+-NH2,2.760786192862765,Y
H-Nchtm+-Nchtm+-Nchtm+-NH2,0.0,N
H-Nchtm+-Nchtm+-Nchtm+-NH2,0.0,N
H-Nchtm+-NspepF-Nchtm+-NH2,0.0,N
H-Nchtm+-Nchtm+-Nlys-NH2,1.750486617677357,N
H-Nchtm+-Nchtm+-Nchtm+-NH2,1.6989819728599673,N
H-Nchtm+-Ntrp-Nspe-Nval-Nspe-Ntrp-NH2,0.0,N
H-Nchtm+-NhTrp-NspepF-NspepF-NhLeu-Nlys-NhArg-Nspe-NH2,0.62162776146791,N
H-Nchtm+-Ntrp-Nspe-Nspe-Nah-Nspe-Npcb-Npm-Nmfb-Nspe-Nspe-N4MePhe-NspepF-Nlys-Nlys-Nspe-NspepCHthree-NH2,0.0,N
H-Nchtm+-Nspe-NspepF-NspepF-NspepBr-NspepF-NspepF-Ntrp-Nspe-Pro-Nsmb-Nspe-Npm-Npfb-Nlys-Ntridec-Nphe-NH2,0.0,N
H-Nchtm+-NspepF-N1Nal-Nspe-NspepF-Nlys-Ntrp-NspepF-Nspe-NspepF-NspepF-NhArg-NNle-NspepF-Ndpe-NH2,1.759108629879525,N
H-Nchtm+-Nphb-Nlys-NspepF-NspepF-Nspe-NspepF-NH2,0.0,N
H-Nchtm+-Nphb-NspepF-Nspe-Ntrp-NspepF-NH2,0.0,N
H-Nchtm+-Nlys-NspepF-NspepF-Nspe-NspepF-Nssb-Nlys-Nspe-Nspe-NspepF-Nsmb-Nspe-Nlys-Nphe-Ntrp-NspepF-NH2,0.0,N
H-Nchtm+-NspepCl-Npm-NH2,0.3795360955095528,N
H-Nchtm+-NspepF-NNle-Nssb-NspepF-NspepF-Npmb-NspepF-Nspe-Nspe-Ntridec-Nah-NspepF-Nphe-Nspe-Nmfb-Nrpe-NH2,0.0,N
H-Nchtm+-NhArg-Nspe-NspepF-Npfb-NspepF-Npfb-N1Nal-Npcb-Npfb-Nspe-NspepF-Nspe-Nmfb-Nspe-Nlys-Nspe-NH2,0.0,N
H-Nchtm+-NspepF-Nspe-Ndec-Ntridec-Npfb-NspepF-NhArg-Nrpe-NH2,1.4936813141531582,N
H-Nchtm+-NspepF-NspepF-NspepF-NspepF-Nrpe-Npm-Nai-Ntridec-Ndpe-Nrpe-Nrpe-NNle-Nrpe-Nsdp-NspepF-Npm-NH2,1.0929150727166104,N
H-Nchtm+-Ntridec-Nrpe-NspepF-Nmfb-NspepBr-NNle-NspepF-NspepF-Nsdp-Ntridec-NspepBr-NspepF-Ntridec-Nai-Npcb-Npfb-NH2,1.2557028234952372,N
H-Nchtm+-NspepF-Nrpe-Nrpe-NspepBr-Nrpe-NhArg-NhArg-Nrpe-NspepF-Npm-Npcb-Ndpe-NspepCHthree-Nile-Npm-NspepF-NH2,1.723326798280696,N
H-Nchtm+-Nah-NhArg-Nspe-Nspe-NspepF-Nrpe-Nphe-Nlys-NspepF-Nsdp-Nlys-Nspe-NspepF-Nrpe-NspepBr-Nmfb-NH2,0.5753907239493363,N
H-Nchtm+-NspepF-NspepF-NspepF-NspepBr-Nspe-Nspe-Nlys-NNle-NspepF-NspepF-Nspe-NspepF-Npfb-NspepF-Nae-NspepF-NH2,0.0,N
H-Nchtm+-NspepF-Npm-NspepF-Npcb-Npfb-NspepF-Nspe-Nlys-NspepF-Nspe-Nspe-Nspe-NspepCl-Nspe-Ntridec-Nspe-NH2,3.525140707120621,Y
H-Nchtm+-Nah-NspepF-Nai-NspepF-Npfb-NspepF-Nai-Nphe-NH2,1.8202514059281396,N
H-Nchtm+-Npm-NspepF-Nlys-Nspe-NspepCl-NspepF-NH2,0.0,N
H-Nchtm+-Npcb-Ntridec-Nai-Nlys-N1Nal-NspepF-NspepF-Nval-Nai-Nlys-NspepF-NNle-Ntridec-NspepF-Nhe-NspepF-NH2,0.0,N
H-Nchtm+-Nspe-Nspe-Nmfb-Npfb-Npm-Ndpe-NspepCl-NH2,0.3903713083090625,N
H-Nchtm+-NspepF-Nspe-NspepF-Npfb-NspepF-Npfb-NspepF-NHis-NspepF-Nai-Nmfb-Ndpe-Ntrp-NspepF-NspepF-NspepF-NH2,0.0,N
H-Nchtm+-Ntridec-NspepF-NspepF-Nrpe-NspepF-NspepF-Nphe-NspepF-Nspe-Nspe-Nspe-NspepF-Nmfb-Npm-NspepCHthree-NspepF-NH2,0.28454710132667427,N
H-Nchtm+-Nval-NspepF-Nlys-NspepF-Nspe-NhArg-Nma-Nspe-Nlys-NspepF-Nmfb-Nphe-NspepF-Nssb-NNle-Npmb-NH2,0.0,N
H-Nchtm+-Nspe-NhTrp-NhTrp-NhArg-NspepF-NspepF-NspepF-Ndec-NspepBr-Ntrp-NH2,2.928012546433197,Y
H-Nchtm+-Nlys-Nlys-NhTrp-NspepF-NhTrp-Nspe-Nsdp-Nspe-Nspe-NspepF-Nlys-NspepF-Nprg-NspepF-NspepF-Nrpe-NH2,4.37795421214029,Y
H-Nchtm+-Nspe-NhTrp-NspepBr-Nsdp-Nmfb-Nphe-NspepF-Nrpe-Nprg-Nspe-Nphb-Nlys-NspepF-Nlys-NspepF-NspepF-NH2,0.0,N
H-Nchtm+-NspepF-NspepF-NhArg-Ntrp-NNle-NspepF-NspepF-NspepF-NspepF-Nlys-Nphe-NspepF-Ndec-NspepF-NhTrp-NspepF-NH2,1.0014610117691018,N
H-Nchtm+-NspepF-Ntrp-NspepF-NspepF-NspepF-Ndec-NhArg-NspepF-Ndec-NspepF-NspepF-NspepF-N4MePhe-NH2,2.258484195207413,Y
H-Nchtm+-NspepF-Nspe-Nspe-NspepF-Nspe-NspepF-Nlys-Nspe-NspepF-NspepF-Npm-NH2,1.2251529565996238,N
H-Nchtm+-NspepF-NspepF-N4MePhe-Nrpe-NspepF-NspepCl-Nspe-NspepF-NNle-NspepF-Npcb-NspepF-NspepF-NspepF-NspepF-NspepF-NH2,0.0,N
H-Nchtm+-Nmfb-Nspe-Npcb-NhTrp-NspepF-NspepF-Ntrp-Nspe-Nspe-NspepF-Nah-Nmfb-Nrpe-NspepF-NH2,2.6532020394000035,Y
H-Nchtm+-NspepF-NspepF-NspepF-NspepF-Npfb-NspepF-Ntridec-Nile-NspepF-Ndpe-Nval-Nai-NspepF-Npm-Nspe-NspepF-NH2,0.0,N
H-Nchtm+-Nspe-Nspe-Nspe-NspepF-NH2,0.0,N
H-Nchtm+-Nspe-NspepF-NspepF-Nphe-NH2,0.0,N
H-Nchtm+-NspepF-Nlys-NspepF-Nspe-NspepF-Nspe-NspepF-N1Nal-Ntrp-NH2,0.0,N
H-Nchtm+-Npe-NspepF-NspepF-NhTrp-NspepF-Nlys-NspepF-Nmfb-Nspe-Nspe-N4MePhe-Nspe-NhTrp-NspepF-Nlys-Nlys-NH2,0.0,N
H-Nchtm+-Npfb-Nspe-NspepF-Npm-NspepF-Nspe-NspepF-Nspe-Nspe-NH2,0.0,N
H-Nchtm+-Nsdp-NhArg-NspepF-Nlys-Nlys-NspepF-Npm-Nlys-NspepF-NspepF-Nlys-NspepF-NH2,3.488936472964157,Y
H-Nchtm+-Npm-Nlys-Ntrp-Ntrp-Nspe-Ntrp-Nspe-Nleu-NH2,0.0,N
H-Nchtm+-Nlys-Nspe-Naetm+-NhTrp-Npm-Nspe-Nspe-NH2,0.0,N
H-Nchtm+-Nphe-Nspe-NspepF-Nlys-Npm-NH2,0.0,N
